id,relevant,event,sentiment
37e6754b,0,None,
f0489089,0,None,
98d43449,1,Earnings,1
3e5cab48,0,None,
63bf5f6a,0,None,
f98a9600,0,None,
4e9527cd,0,None,
5be94f61,0,None,
32ccb40b,1,Geopolitical,0
5dd3b1c8,1,None,0
d022f83a,0,None,
cd2ae3e6,0,None,
7b80937f,1,Macroeconomic,-1
924bee4c,0,None,
a67c45d9,1,Macroeconomic,0
ead6db91,0,None,
f883b0a9,0,None,
f7cdd8c7,0,None,
f7f4dcda,0,None,
0e03c9ab,0,None,
19767da4,1,Regulatory,0
9d767fc6,0,None,
831703ae,0,None,
54cc6f10,1,Macroeconomic,-1
be1939ff,1,Product Launch,0
e75e9f56,1,None,1
c17eb09d,1,Cyber,-1
5604e37d,1,Supply Chain,-1
edfca7ba,0,None,
f35a35f1,0,None,
515cb651,0,None,
55da3d8d,0,None,
0c893469,1,Merger/Acquisition,0
93a1f056,0,None,
f2560f74,0,None,
0b01ccd0,0,None,
7d8d397d,0,None,
2833160a,0,None,
81fd5770,1,Macroeconomic,1
beaf264c,0,None,
474fc658,1,Credit Event,-1
9924e13b,0,None,
69063ae6,0,None,
21512dc1,0,None,
9aaa5599,0,None,
893cd82d,1,Regulatory,-1
125080c1,0,None,
fa5a21d8,0,None,
4504d410,0,None,
f3a97073,1,Regulatory,0
66185a90,0,None,
833ea04a,1,Geopolitical,-1
bd43b55b,1,Supply Chain,0
becc16e4,1,None,-1
74b22563,1,Regulatory,-1
194b40c4,1,Regulatory,0
e1299936,1,Regulatory,-1
10599f2e,0,None,
c3ac2574,1,Earnings,1
8cd62443,0,None,
233945e4,1,Geopolitical,-1
b1cd4897,1,Geopolitical,0
a6edf30a,0,None,
6d3c34ce,0,None,
1fc308cd,0,None,
939d02cb,1,Macroeconomic,-1
f0c13c52,0,None,
21aa608e,0,None,
e7f2679f,1,Macroeconomic,0
b7392b0f,0,None,
9b7e55e6,0,None,
16bfb528,0,None,
a3d13c5a,1,Geopolitical,0
623b39e7,0,None,
403f6359,1,Merger/Acquisition,1
d0d6a311,0,None,
0df998de,0,None,
e0c08600,1,Macroeconomic,-1
0da5631b,0,None,
f91145b9,1,Macroeconomic,1
b05089da,1,Regulatory,0
9e96ef53,0,None,
ca5ce8da,0,None,
74c1229f,0,None,
2d090ce9,1,Geopolitical,0
d7e2eceb,0,None,
b7c14247,1,Macroeconomic,0
78a4ab2b,0,None,
ee2f8806,1,Regulatory,0
8ac56dcc,0,None,
483e75b3,0,None,
41fe6323,0,None,
a98008bb,0,None,
a7df4990,1,Macroeconomic,0
e517616c,1,Geopolitical,-1
edbe32a2,0,None,
d49e58b3,0,None,
31b8ca1c,0,None,
2a96ca3c,1,Macroeconomic,0
5c25934a,0,None,
592a54ec,0,None,
d7205ae2,0,None,
de13014c,0,None,
9567a247,1,None,1
9dee9b3e,0,None,
88ad532a,0,None,
6a87386e,0,None,
55b5dcd5,1,Macroeconomic,0
e305bc13,0,None,
08a2d4d4,0,None,
f8634642,1,Macroeconomic,-1
eea30d30,1,None,1
8141bec4,0,None,
aa34eaae,0,None,
7f3d7e9e,0,None,
41254d4c,0,None,
16cb75e4,0,None,
c8875ca8,0,None,
e794d15c,1,Geopolitical,0
aa87f8f4,0,None,
027b1fe8,0,None,
97834890,0,None,
309fa478,0,None,
d99cf54d,0,None,
59da5d1a,0,None,
564a7b0a,0,None,
ccb66ca3,1,Geopolitical,-1
34817ada,0,None,
3354bea3,1,None,0
033146b2,1,Supply Chain,-1
d80583b1,1,Geopolitical,-1
0056aa6b,0,None,
c98d2204,0,None,
4b04562c,1,Macroeconomic,-1
88b6d3b2,0,None,
646392cc,0,None,
de43323a,0,None,
39f423f3,0,None,
7b9858df,0,None,
5d3e9b08,0,None,
6df9c983,1,Macroeconomic,0
0da02533,1,Macroeconomic,1
d30a6d1e,0,None,
9b0113c3,0,None,
f6f5ee8d,0,None,
2aa93c77,0,None,
e0e9df47,0,None,
2a732075,0,None,
63b6d65c,1,Geopolitical,-1
b6d55f68,1,None,0
2d0c8144,1,Regulatory,0
4cef17e5,0,None,
2528fc87,0,None,
af7b287c,0,None,
412a0fff,0,None,
4b8a56bc,1,Macroeconomic,0
7a09962a,0,None,
94f9e13d,1,Macroeconomic,0
7918cde0,1,None,1
b0ffbbed,1,None,1
e7d1b197,0,None,
4819e70e,1,Macroeconomic,0
adde1a14,0,None,
5000d57d,1,Regulatory,0
7e39faa8,1,Merger/Acquisition,0
bbafb9a2,1,Earnings,0
9f9739b7,0,None,
cfc876cf,0,None,
e5c2ad15,0,None,
e834c80d,0,None,
c645d7cc,1,None,1
9a4bdfa8,1,Earnings,1
a9aee7dd,1,Geopolitical,-1
35923c18,1,Merger/Acquisition,0
c18ef353,0,None,
002badf8,0,None,
2522b599,0,None,
e6f06b9a,0,None,
12d8fe45,0,None,
c4631c90,0,None,
bdb66523,0,None,
c57215b1,0,None,
c79d21c4,1,None,1
aa8085b6,1,None,0
cd70b595,0,None,
2bb668df,0,None,
dccbd69c,1,None,1
9f7f4e40,0,None,
35a87592,1,None,0
b2af854a,1,Geopolitical,-1
9fa28aab,1,Regulatory,1
844a343a,0,None,
67561570,0,None,
dc417ad8,1,Macroeconomic,0
1d97bf36,1,Macroeconomic,0
dbc2968d,0,None,
5066c0f4,0,None,
785a4aec,0,None,
c9918294,1,Credit Event,-1
ee08d0b7,0,None,
85358535,0,None,
855406a1,0,None,
d8655492,0,None,
fb1ba70e,0,None,
1389be9a,0,None,
20ca842c,0,None,
00119e40,0,None,
6fbfdc84,0,None,
2c030928,0,None,
113c9f77,0,None,
2a59d8ab,0,None,
0a0c6f90,1,Macroeconomic,-1
195caac4,0,None,
2c41b316,0,None,
bce92c08,0,None,
da0f30fd,1,Geopolitical,-1
a8e83880,1,Macroeconomic,1
8d4bc222,1,None,1
1c0c2695,0,None,
f5da2fe2,1,Regulatory,-1
db5fd716,0,None,
6ae9f1ae,0,None,
b3f3bf70,1,Earnings,1
6cf2998c,0,None,
4d97831b,0,None,
81619580,1,Supply Chain,-1
05e44d3f,1,Geopolitical,0
6ea8869f,1,None,-1
d4e1d906,1,Geopolitical,-1
289f1fa0,1,Macroeconomic,-1
4e65b5c2,1,Geopolitical,0
1e0334da,0,None,
1a83afec,0,None,
73d04b49,0,None,
0337b229,0,None,
ed3a969e,1,Supply Chain,-1
6e791629,1,Macroeconomic,-1
2e2a707f,1,Merger/Acquisition,0
f43fad4f,1,Merger/Acquisition,0
95ce34e4,1,None,-1
1356ab5a,0,None,
cf823003,1,Earnings,0
2498adda,1,Geopolitical,0
ffd8cfb5,1,Macroeconomic,-1
969af5fc,1,None,1
0252c395,0,None,
22aa7b43,0,None,
65bf6e03,1,Regulatory,0
ce447052,1,None,-1
21060957,0,None,
d287bfef,0,None,
ea207b01,0,None,
dc0ce1a8,1,Earnings,0
1fdeca7e,1,Regulatory,0
54404676,1,Merger/Acquisition,0
388a7155,0,None,
e2f4cbf8,0,None,
2277ad2c,0,None,
a2ca2aa0,0,None,
0e7c2932,0,None,
990babcc,0,None,
4252f0f1,1,None,1
edef1525,1,Macroeconomic,-1
44ddf880,0,None,
a83e17d7,1,Merger/Acquisition,0
3a54ebbb,0,None,
1b7f48c6,0,None,
f3c7b3c4,1,Macroeconomic,1
459d9c95,0,None,
2b7420c4,0,None,
1707cb6e,0,None,
96505030,0,None,
a1ecbef2,0,None,
6ef433d2,0,None,
f9d10395,1,Macroeconomic,0
b7d278b7,0,None,
9c0a05b3,1,Earnings,1
b187495b,0,None,
ef166aaf,0,None,
bb53c550,1,Credit Event,0
d55f6bdc,1,None,1
df9e20f3,1,Macroeconomic,0
5e5b8b83,0,None,
a5e86540,1,Merger/Acquisition,0
c7572ee4,0,None,
03e95437,0,None,
